url,title,description
http://www.zhihu.com/topic/20848505/hot,你好中国！,新中国迎来七十华诞之际，知乎与新华社共同发起「你好中国 · 问答 70 年」活动...
http://www.zhihu.com/topic/20186018/hot,你好，之华（电影）,《你好，之华》是由日本导演岩井俊二编剧并执导，陈可辛、岩井俊二监制...
http://www.zhihu.com/topic/20090972/hot,你好，旧时光（书籍）,彼得潘终于走完了小时候，彼时的少年站在成长的尽头，回首过去，一路崎岖竟已遍地繁花盛开。这是一部关于岁月的童话，这里有回不去的小时候的伤感，也有陪你到青春的感动。愿你能够回想起你的成长故事，愿你更够找到属于自己的旧时光。余周周是一个出生在八十年代末的普通小姑娘，和妈妈相依为命，在漫长孤寂的童年中，要好的朋友叫奔奔。进入小学后她在林杨和陈桉的帮助下，度过了初期学习拼音的艰难和对学校的不适，逐渐在学校…...
http://www.zhihu.com/topic/20102163/hot,你好，旧时光（电视剧）,《你好，旧时光》（又名：玛丽苏病例报告）是青春文学作家八月长安所作的青春小说...
http://www.zhihu.com/topic/20095801/hot,你好，疯子！（电影）,七个互不认识的正常人莫名奇妙被关进了疯人院，为了逃出这堵高墙这七个人费尽了心思：能把“死人说活”的话唠律师马睿（王自健 饰）、出口成章但性格懦弱的历史老师萧乃恩（金士杰 饰）、“混不吝”的记者李正（周一围 饰）、一心只想回家见女儿的兽医韩沐山（刘亮佐 饰）、脾气暴躁的出租司机杨猛（李虹辰 饰）、貌美圆滑的公关莉莉（莫小棋 饰），外加一个失忆了的奇怪女人安希（万茜 饰）。这七个人想方设法证明自己不是疯子…...
http://www.zhihu.com/topic/20459311/hot,你好邻居,《你好邻居》tinyBuild和Dynamic Pixels联合制作发行的一款恐怖塔防类游戏。将于2018年7月27日登陆PS4/Switch/iOS/Android平台。 2018年6月3日，《你好邻居》公布了续作《秘密邻居》的一段亮相视频。...
http://www.zhihu.com/topic/20679318/hot,你好，对方辩友（电视剧）,《你好，对方辩友》为青春校园励志片，该剧讲述了一群缺乏辩论知识和技巧的菜鸟辩手，在其组成的废柴校园辩论队中获得成长。...
http://www.zhihu.com/topic/20104838/hot,你好，陌生人（电影）,《你好，陌生人》是由Banjong Pisanthanakun执导...
http://www.zhihu.com/topic/20168716/hot,你好布拉德（电影）,布拉德（本·斯蒂勒饰）拥有令人称羡的工作与幸福的家庭。他跟娇妻梅兰妮（珍娜·费舍饰）与拥有音乐才华的儿子特洛伊（奥斯汀·艾布拉姆斯饰）住在一起，乍看布拉德拥有美好的生活，但他却开始质疑，这是否真正是自己在大学时期所向往的人生？在陪同儿子去申请大学的旅途当中，布拉德不得不将自己现在的生活，与他大学时代的四位朋友相比：一个好莱坞巨星、一个基金公司创始人、一个科技企业家，以及一个有权有势的政治家暨畅销…...
http://www.zhihu.com/topic/20187906/hot,你好乔安（电视剧）,《你好乔安》是林妍执导的都市情感女性励志剧，由戚薇、王晓晨领衔主演...
http://www.zhihu.com/topic/20459315/hot,你好漂亮,你好漂亮时尚创意产业发展有限公司来自香港，公司创始人夏曼女士，毕业于湖南大学工商管理学院MBA。1992年创建摩登漂亮宝贝美容美发连锁机构，被评为中国十大杰出女性人物、中华全国工商业联合会美容化妆品业商会副会长、中国美容大师、湖南省美容美发协会副会长，长沙市政协代表。其下属摩登美业有限公司是中国唯一集美容Spa、美发Salon、彩妆、形象设计、MED SPA医学美容和教育培训于一体整合时尚产业链的集团化公司。集团拥有…...
http://www.zhihu.com/topic/20459309/hot,你好大学,你好大学是一款大学生综合服务应用平台。凭借独特的社交+服务的创意模式，满足大学生生活、交友、学习以及实习兼职等多元化的需求。 你好大学以校园交友为特色，系统可以通过用户信息分析缘分值，为学生推荐兴趣爱好相同的用户，而且用户可以使用附近的人功能，通过LBS定位寻找本校和附近学校感兴趣的人，避免了社会人员进入，一定程度上保持社交环境的纯净度。 在社交的基础上，产品延伸了对用户的需求服务，比如在社交的粘性下…...
http://www.zhihu.com/topic/20459319/hot,你好问问,你好问问，是出门问问公司人工智能语音服务的热词。用户说一声“你好问问”，即可启动智能手表Ticwatch、手机APP“出门问问”、手机APP“开车问问”以及车载机器人问问魔镜（Ticmirror）的语音搜索服务。...
http://www.zhihu.com/topic/20896867/hot,你好世界（动画电影）,在近未来2027年，人类科技已能对记忆进行存储。 16岁的高中生直实一直暗暗喜欢同学RULI，却因害羞不敢表达。一天，直实走在街上，天空出现了红色的极光，一个和直实长得几乎一模一样的男人出现在他面前：他声称自己是26岁的直实，16岁直实所生活的世界是虚拟的记忆世界，而现实生活里他叫NAOMI。 NAOMI说自己来到虚拟世界是为了救RULI：她将在16岁生日那天死亡。为了救RULI，NAOMI和直实经历了一系列超乎想象的事件。...
http://www.zhihu.com/topic/20113596/hot,你好，再见（电影）,一宗交通意外，连结两个陌生的人。马克（查克·伯劳姆 饰）在车祸中丧生，一直暗恋他的好友杰夫（亚当·尼尔·史密斯 饰）因代为回复电邮，认识了马克生前的意大利网友安德烈（亚历山德罗·卡萨 饰）。安德烈本想取消来德州的计划，但最终被杰夫说服。两个拥有不同人生轨迹的男人，于是带着一点点惆怅和困惑，在阳光如织的德州天空下发生交集。他们真切的分享对逝者的美好回忆，于淡淡的哀鸣中寻找路标前行。...
http://www.zhihu.com/topic/20699378/hot,你好，抑郁（书籍）,“生活中所有的一切都很好，可我还是开心不起来。你问我原因——我也不知道。” 有一天你喜怒无常，有一天你无法自控，有一天你悲观厌世，对人生突然充满绝望，你不知道自己为什么会变成这样，男友还雪上加霜地宣布，你这是得了抑郁症。 钟西西和男友冷小星正面临着这种意料之外又从未经历的生活突变。在寻求解决办法的过程中，他们接触到形形色色的人，和各种以前没有机会了解的事情，也逐渐发现了一些只有情绪抑郁之后，才能体…...
http://www.zhihu.com/topic/20751855/hot,你好民宿（综艺）,尼格买提带着他的朋友和家人去到城市周边去寻找内心深处的静谧，发现与感受生活的美好，去分享探索未知的喜悦。...
http://www.zhihu.com/topic/20166365/hot,罗曼先生，你好（电影）,故事讲述洛杉矶一名律师(华盛顿饰)的长期合作搭档去世后，他自...
http://www.zhihu.com/topic/20144362/hot,爸...你好吗？（电影）,这是一部由十个小故事组成的短片集。面对不同的社会横截面，父亲的样子往往是相通的。无法带孩子入院看病的穷爸爸、身为黑帮老大的富爸爸、对自己都无力负责的失业小父亲、子孙满堂的喧嚣中寂寞的老父亲，清晨下班还骑着三轮车载孩子赶火车的工人父亲，为救孩子在海中身亡的悲剧父亲……十位父亲，无私，近无我，就算与孩子之间的交流总会隔膜，但无处不满溢着浓浓的爱。...
http://www.zhihu.com/topic/20754469/hot,你好现任（电影）,儒雅多金的大叔朝乾（冯雷 饰）和深爱自己却又深陷“疑心病漩涡”的妻子梅梅（翁虹 饰）正处于婚姻的“更年期阶段”。刚毕业的芊儿（温心 饰）为了成名，不得不抛弃自己的草根男友严亮（万国鹏 饰），转而接受朝乾的造星计划。一个颜值已逝却依然善良的妻子，一个愿意为博爱人一笑而倾其所有的草根男友，两对恋人都面临最终的选择，是现任变前任，还是和好恰如初见.........
http://www.zhihu.com/topic/20144969/hot,表姐，你好嘢！（电影）,《老表，你好嘢！》（英文：Inbound Troubles）...
http://www.zhihu.com/topic/20679523/hot,创建 你好 话题,...
http://www.zhihu.com/topic/20124229/hot,你好啊！乔乔（书籍）,"这是一本完整的儿童摄影宝典和教科书！有心、有趣、有用。 
 图文并茂：5万余字拍摄心得+200余张摄影作品。 
 满载腰果爸爸对女儿李梦鱼（乔乔）的父爱，饱含对爱好摄影父母的分享之情。 
 五大章节：器材选择+主题拍摄+引导沟通+创意构思+后期技巧。 
 作者把所知关于摄影和孩子的一切，统统汇集在这本书里。 
 特别教程：11个主题＋33组拍摄事例…近10组从未公布的精良作品。 
 毫无保留的创作，以作者亲身经历手把手教你掌握…..."
http://www.zhihu.com/topic/20924380/hot,焦虑你好（书籍）,你是否有过以下担忧与恐惧： “我好象永远也做不好……” “我...
http://www.zhihu.com/topic/20141054/hot,你好，是鹿晗吗（综艺）,以鹿晗为核心，“鹿饭”为半径，共同画一个帅气的圆~360度看偶像，你见过的鹿晗，你没见过的鹿晗，看到你停不下来！想知道更多？Ready，go，开启舔屏模式~记得叫上小伙伴一起来！...
http://www.zhihu.com/topic/20746537/hot,你好，安怡（电视剧）,《完美芯机人》讲述了在2035年，外表和人类一模一样，但是内部是机器的人工智能机器人——“芯机人”被发明出来。“芯机人”进入到千家万户的生活中去，为普通的人类生活进行着全方位的服务。养老、医疗、教育等问题已经因为“芯机人”的出现得到妥善解决。而人类不知道的是，几个已经拥有了人类的意识和情感的“芯机人”，也已经出现在人类社会。...
http://www.zhihu.com/topic/21023511/hot,你好，忧愁（书籍）,小说的主人公——少女塞茜尔——生性浪漫不羁，跟同为浪荡子的父亲过着随心所欲的荒唐日子，不愿意把自己的生活纳入到正规的轨道。为此，她竭力阻挠鳏居多年的父亲雷蒙和其女友安娜的婚事。因为，在塞茜尔的眼中，安娜是一个生活正派、循规蹈矩的温顺女性，一旦让她进入了家庭生活，不仅雷蒙老爸得受她的管制，而且塞茜尔的落拓不羁的生活方式也得改变，她得按照安娜的培养计划，去做一个乖乖女。于是，塞茜尔跟自己刚刚认识的男…...
http://www.zhihu.com/topic/20713611/hot,你好.数学（书籍）,本书把数学基础概念分为五个领域（图形和空间、分类和顺序、数和数数儿、量和比较、规律性）和三个能力阶段（3至5岁低、中、高阶段），图书用天马行空的童话故事和多元唯美的图画为孩子们呈现一个又一个神奇的数学童话世界，帮助孩子充满乐趣地掌握最基础的数学概念，培养孩子对数学的兴趣和数学思维能力，是孩子们了解数学的di一套启蒙教育图画书。 ●教育体系科学完整，数学主题清晰全面，阶段学习循序渐进 ●贴近幼儿生活情趣…...
http://www.zhihu.com/topic/20925042/hot,你好霸王龙（电影）,冰河世纪即将到来，恐龙们纷纷踏上寻找绿洲的旅程。 只吃素的霸王龙哈特（青琳昊 配音）和不敢飞的翼龙少女小樱（段奥娟 配音）误打误撞成了旅伴，两人一路伴随着欢乐与冒险，甚至经历了生死危机，各自解开了心结，成为彼此生命中的重要伙伴……...
http://www.zhihu.com/topic/21003371/hot,你好，小确幸（书籍）,"小确幸是怎样一种感觉呢？ 
 用四个字形容吧，“心生欢喜”。 
 描述得复杂一点，它有一股子甜柔、丰饶、温暖的感觉，好像有只看不见的神秘之手把一勺充满花香的蜂蜜洒在心头，可以清晰地感受到它流淌、漫溢、消失。 
 每一枚“小确幸”的持续时间3秒钟--3分钟不等。当然，它不是凭空蒸发掉了，而是深入浸润了我们的生命。..."
http://www.zhihu.com/topic/20740972/hot,你好，检察官（电视剧）,家境优越的姜文静，因为儿时梦想，在父母的反对下偷偷考取了检察官职位，紧张的工作环境，让从小受到“花瓶式”教育的她，显得格格不入。职场上的犯错，生活上的不接地气，让这位大小姐一度陷入低谷，质疑梦想的真谛。直到神秘精英律师任天宇如欢 喜冤家一般出现在她的生活里，无数次的机缘巧合和案件的交集中，让二人渐生感情， 在一次次的案件和事件中渐渐成长。姜文静越发成长为一名合格的检察官，而任天宇身上的秘密也渐渐浮…...
http://www.zhihu.com/topic/21190551/hot,乔安你好（电视剧）,五年前，乔安辛苦打拼终在奥利斯站稳脚跟，却突遭变故，成为办公室政治的牺牲品，被公司开除。就在所有人都以为她的人生就此没落时，乔安再次光鲜返场——她带着一笔资金成立了影视公司成为年轻的电视剧制作人。奥利斯董事长陆远扬曾是乔安的上司兼前男友，了解乔安的种种历史。两人因为倪好在奥利斯任职时写的专栏《心碎俱乐部》，再次处于竞争状态，争夺版权、演员、播出平台。在制作项目的过程中，陆远扬被迫离开了自己奋斗数…...
http://www.zhihu.com/topic/21013971/hot,金莲.你好（书籍）,偏僻山村里的金莲嫁给了刘街的老大，可她却爱上了老二。之后刘街在村长带动下迅速发展，老二利欲熏心，为了坐稳派出所所长的位置，把刘街最丑的女人娶回了家。……当刘街顺利扩建成为西门镇，金莲却发现，所有的人都不再是从前的样子，她曾经想要的一切，永远也回不去了。...
http://www.zhihu.com/topic/21085396/hot,你好!法语2（书籍）,《你好！法语》是一套针对零起点二外法语学习者的综合教程，分为A1、A2和B1三个级别，既沿用《走遍法国》“原版语料+本土化改编”相结合的外语教材编写模式，又增加数字化工具，附赠DVD-ROM光盘兼顾课内外，着眼课堂学习和课后自主训练双方面。 《你好！法语2学生用书》针对“欧洲语言共同参考框架”下的A2级别，包含9个学习单元共36课的学习内容，三套DELF考试仿真模拟题，以及A1级别主题扩展词汇、语法小结等内容。 《你好！法…...
http://www.zhihu.com/topic/21105300/hot,你好，前台（书籍）,《酒店里的那些事儿：你好，前台》是一个资深酒店从业者的叙事体回忆录，也是一本非常有趣的旅行指南，帮助旅行者识破酒店服务业的那些猫腻。但是《酒店里的那些事儿：你好，前台》并不狭隘也不片面，作者汤姆斯基先生给我们讲述了他为什么、又如何在酒店服务业努力工作、一点点儿地进步。书中道出了酒店的两个相对群体——客人和员工都存在的不同程序的贪婪与谎话，如何使用各种方法使两方权衡，最后达到一个大家都满意的结果？…...
http://www.zhihu.com/topic/20852910/hot,你好中国呀,...
http://www.zhihu.com/topic/20720755/hot,你好，故乡（书籍）,每个人心中都有一个属于自己的故乡，一段属于自己的记忆，时代在飞速变迁，而普通的我们，内心却越来越漂泊无依。《你好，故乡》像是一曲温暖的歌谣，唱出了久远的真情，抚慰每一颗对童年仍然铭记的心灵。全书中，作者用一种客观、细致、冷静的方式，讲述了关于故乡，关于亲情，关于朋友的故事，也许有的是真实的，也许有的经过了加工，不管怎样，这些故事都浸透着一份浓浓的真挚与苦涩，一丝淡淡的忧愁与希望，平静的讲述，反衬…...
http://www.zhihu.com/topic/20768017/hot,你好妈妈（综艺）,主持人李小萌将走进敬一丹，邓亚萍、刘璇、霍思燕、曹曦文、孙茜，黄澜等十二位新时代母亲的内心，从不同视角去探索人类最柔软最深情的母子关系，思索“母爱管理”的分寸与界限。...
http://www.zhihu.com/topic/20738733/hot,遇见你好幸运（书籍）,"我遇见过温和的风、清澈的河、迷人的鹿，但只有遇见你，才是这世上zui幸运的事。 
 
初见时，她是言行奇特的怪女孩，他是救她于危难的路人甲； 
再见时，她是罹患胃疾的病人，他是赫赫有名的高冷医生。 
 
她有预知的能力，却无法预见他的未来； 
而心如止水的他，在频频遇见她后，心里掀起了阵阵涟漪。 
 
他们大胆地靠近，却小心地相爱。 
当再多的甜蜜温存，都抵不过残酷的现实时，她是否要收回对他的所有感情？ 
 
“世界再…..."
http://www.zhihu.com/topic/21188171/hot,你好昨天（电视剧）,"以 90 年代为背景，讲述了一个两代人在平凡琐碎的生活中相互扶持、共同成长，最终收获亲情、友情、爱情的暖心故事。
 在遥远的旧时光里小吉街就生活着我们记忆中的那群人，北方的小城迎来 1994 年的第一场雪,那一年谭心和她的小伙伴们也迎来了他们的十八岁。可这个美丽又匆忙的数字并没有引起他们的重视，反而是发小姐姐陈晨的出嫁，让孩子们隐隐感受到了什么一那个稳固了十几年的小队伍，从第一个人的离开开始，他们都要向着自…..."
http://www.zhihu.com/topic/20849446/hot,你好新家（综艺）,节目中，四位明星嘉宾作为房产客户经纪人去往四大城市不同门店进...
http://www.zhihu.com/topic/21153397/hot,你好哇，程序员（书籍）,《你好哇，程序员——漫话程序员面试求职、升职加薪、创业与生活》以漫画+幽默风趣的语言，形象、生动地刻画出程序员的世界。《你好哇，程序员——漫话程序员面试求职、升职加薪、创业与生活》涵盖了程序员工作与生活、创业的方方面面，如面试、求职、升职、加薪、加班、家庭，等等。程序员的喜怒哀乐，都暗含其中，具有非常高的阅读价值。作者作为一名程序员，具有多年的从业经验，难得的是文笔出众，通俗易懂，读者读来能快速…...
http://www.zhihu.com/topic/20459310/hot,你好荷兰城,你好荷兰城坐落于哈尔滨市松花江北岸，占地面积60余万平方米，建筑规模逾百万平方米，位于松北区商业大道——世茂大道的中心点，地处省政府（规划中）、市政府与区政府围合区域，是未来哈尔滨新行政、经济中心的核心区。...
http://www.zhihu.com/topic/21156454/hot,你好，焦虑分子!（书籍）,"你是否也是焦虑分子中的一员？ 
 极度焦虑者，通常有着一种难以得到满足的好奇心。米开朗基罗、维瓦尔第、歌德、弗朗茨？卡夫卡、玛利亚？卡拉斯、伍迪？艾伦、伊夫？圣罗兰，这些大名鼎鼎的人，都是焦虑分子中的一员。 
 实际上，焦虑性格有着一副百变的面孔。有外倾型焦虑者、亢奋型焦虑者和冲动型焦虑者，还有内倾型焦虑者、羞怯型焦虑者和易感型焦虑者，以及奉献型焦虑者、悲观型焦虑者和嫉妒型焦虑者，最后还有疑病型焦虑者…..."
http://www.zhihu.com/topic/21013450/hot,心碎你好（书籍）,《心碎你好》作者石康，无论是我，还是袁晓晨，在人群中都渺小得如同没有，我们都是随时可被替换掉的零件，我们生长在城市的缝隙之中，我们的欲望与幻想之中，与别人的交缠连理。2000年初，我认识袁晓晨，在冬天的北京，在公共场所，在西北风也吹不动的阴郁的惨雾愁云之下，我们的关系简单干净，一如原始人，那是一种纯度高得惊人的性关系。事实上，在床扩建与棉被那么一个狭小柔软的空间内也很难建立起别的关系。那种关系不是不…...
http://www.zhihu.com/topic/21124149/hot,你好，优雅（书籍）,作者详细介绍了表现女性优雅品质的各方面细节，如商务活动、公共场合、电话应用、书信撰写等方方面面需保持优雅品质所需要注重的细节，以及如何通过改变外在的行为来体现内在的素养。...
http://www.zhihu.com/topic/20719983/hot,妈妈你好吗？（书籍）,"母亲节快到了，老师要求大家给妈妈写一封感谢信，可是小男孩却把它写成了一封“控诉信”。 妈妈无论说什么都要加一句“明白了没有？”小男孩觉得自己已经是4年级的小学生了，“我早就明白，不用担心”。 
妈妈说男孩的房间是猪圈，把他好多的宝贝都随便扔掉了。 可是那些小东西都有很重要的意义呀，被我啃得破破烂烂的长颈鹿、跟妈妈一起捡的满是虫眼的橡子…… 最后，没有钱的小男孩送给了妈妈一份小小的礼物……..."
http://www.zhihu.com/topic/21021658/hot,同桌，你好烦（书籍）,龙喜喜的同桌许小帅是五年一班有名的’搞怪大王。他只用了一句鲁迅的名言就把同学们从成堆的作业中解脱出来；愚人节，他送给“灭绝师太”高主任一份可怕的礼物，却破例得到了高主任的夸奖；他到美发店给小狗“黑妹”理发，却把“黑妹”变成了沙皮狗…… 许小帅、龙喜喜这对同桌冤家从幼儿园时就结下了“深仇”。尽管许小帅和龙喜喜签署了“同桌使用说明书”，这个搞怪大王还是免不了被龙喜喜捉弄——他在龙喜喜家借住几天，却被…...
http://www.zhihu.com/topic/21058568/hot,你好鸡蛋哥哥（书籍）,早就应该从蛋壳里蹦出来的小鸡，因为力气有点小、自尊心有点强，一直背着蛋壳跑来跑去。弟弟妹妹们都长得比他高了，他还是个鸡蛋，而且，觉得做个蛋宝宝也挺不错的。一次阴差阳错，这个蛋壳里的哥哥还成了保护弟弟们的大英雄。...
http://www.zhihu.com/topic/21041848/hot,我好-你好（书籍）,沟通分析（Transactional Analysis，TA）是一种人格理论，它也是促使人格改变和成长的方法。 《我好—你好》一书是美国精神病学家托马斯?哈里斯撰写的有关沟通分析流派的经典之作，该书自诞生之日起，就以其通俗的语言、独到的见解及对人性的深刻认识吸引了全世界各地的读者，也使该书成为继沟通分析流派创始人埃瑞克?伯恩的《人间游戏》之后的又一本介绍沟通分析的畅销书。 全书共包括12章，对“父母”、“儿童”和“成人”三种…...
http://www.zhihu.com/topic/21041704/hot,月亮，你好吗（书籍）,关于“月亮”的图画书实在太多了。但是实在不能漏掉安德烈·德昂的这本《月亮，你好吗》。 我喜欢这本书，因为它简单。 故事简单，想法简单，画法简单，形式简单，人物简单，文字简单，但是却样样生动有趣。 故事是这样开始的，月亮安静地高高挂在天边，一个小人儿划着小船慢慢地轻轻地靠近，他大声地喊：“月亮，你好吗？”吵醒了月亮，他与月亮一起开怀大笑，笑得翻了好几个筋斗，挂着月亮的线突然断了，月亮“扑通”一声掉进…...
http://www.zhihu.com/topic/21123388/hot,你好，无聊（书籍）,"《左岸译丛:你好,无聊》是一本描写法国“90后一代”青春迷惘的小说。……萨沙是个十四岁的少年，因为厌倦学校生活，在新朋友奥古斯丁的陪伴下，渐渐地开始逃学。因为还是中学一年级的学生，他们也都喜欢流连于游乐场和快餐店。他们对一切幻灭，开始吸毒。他们从一般好友，变成情人，他们在恋爱。对他们而言，相爱，即是一同达到“一切都消逝的境界”……..."
http://www.zhihu.com/topic/21000857/hot,你好忧愁（书籍）,小说的主人公——少女塞茜尔——生性浪漫不羁，跟同为浪荡子的父亲过着随心所欲的荒唐日子，不愿意把自己的生活纳入到正规的轨道。为此，她竭力阻挠鳏居多年的父亲雷蒙和其女友安娜的婚事。因为，在塞茜尔的眼中，安娜是一个生活正派、循规蹈矩的温顺女性，一旦让她进入了家庭生活，不仅雷蒙老爸得受她的管制，而且塞茜尔的落拓不羁的生活方式也得改变，她得按照安娜的培养计划，去做一个乖乖女。于是，塞茜尔跟自己刚刚认识的男…...
http://www.zhihu.com/topic/21012856/hot,世间始终你好（书籍）,"自姜铭去年回西大任教以来，还没遇到过这么“勇敢”的学生
 di一次课，他就收到了来自南安安“嚣张”的请假条：我有病，得治。
 第二次课，他竟然看到了三份写着南安安名字的随堂测试
 在姜铭愉快地扣掉她30分的平时分之前，南安安赶到了他办公室负荆请罪，总算挽回了差点跑走的分数。
 挽回分数的同时，南安安把自己沦陷在了男神导师深邃的眼眸中。
 男神只给她一个人辅导专业课，只让她一个人给他喂鱼，
 只按过她的脑袋，只载…..."
http://www.zhihu.com/topic/21132178/hot,你好，陌生人（书籍）,《你好，陌生人》以“遇见陌生人”为主题的旅行故事。在旅行路途中，我们看过美的风景，也遇到过各种各样的人，是他们让地图上的每一寸光阴都充满了旅行的意义，虽然，他们于旅行者，是有缘无份的陌生人。但这些故事需要被记录下来，因他们曾抵达我们心里的远方。18个旅行当中的陌生人，在世界的不同角落曾给过旅人无数的情愫。南非、巴黎、瑞士、日本、泰国、苏丹……背包客、渔夫、边境教师、修道士、厨师……旅行的意义不仅仅…...
http://www.zhihu.com/topic/21089201/hot,你好！植物（书籍）,《你好！植物》用轻松的风格介绍了近300种南北东西喜闻乐见的花草。通过故事或知识切入点介绍植物，包括大众误区，比如情人节的玫瑰，不是兰科却叫兰的很多常见植物；另外还有各种唤起城市的人们儿时乡村回忆的野果，桃金娘、地菍、悬钩子之类。通过这本书，你可以跟随植物达人的视线，由陌生到熟悉，一点点去认识花草，体会发现的乐趣。当你在游览的旅程中，如果认出身边的野生植物，那原本很普通的行程会变得更加有情趣，增添…...
http://www.zhihu.com/topic/21061238/hot,你好薇薇安（书籍）,一个女孩（薇薇安）因为深爱的人死了而陷入寂寞的回忆之中不能自拔，错把一个同名的人当自己的情感寄托，寄予对男友的牵挂。越深爱越寂寞，薇薇安的寂寞如黑洞，吸引着身边的人，同时自己也沉浸在黑洞中不能解脱。在这个过程中，温暖善良的咖啡店店长尼古拉和强悍精明的女编辑卢都对薇薇安产生了异样的好感……...
http://www.zhihu.com/topic/21012598/hot,你好，爱丽丝（书籍）,两个素未谋面的女孩相识于网络，因为彼此的文字惺惺相惜。经过岁...
http://www.zhihu.com/topic/20981601/hot,你好，真相！（书籍）,《你好，真相！：蒙冤者的告白和他们的故事》是《冤案何以发生：导致冤假错案的八大司法迷信》一书的姊妹篇，《冤案何以发生》讲述了一位美国检察总长对刑事司法制度的系统反思，《你好，真相！：蒙冤者的告白和他们的故事》则让那些无辜入狱的蒙冤者们一个一个走到台前，在聚光灯下发出他们自己的声音。全书以纪录片式的冷静直白和蒙冤者的自我讲述呈现他们的故事，并配以他们创作的艺术作品，展现蒙冤者在入狱前、监狱中及出狱…...
http://www.zhihu.com/topic/21176970/hot,你好，前任先生（书籍）,青涩腼腆的岁月里， 他们曾是羡煞旁人的少年情侣，热恋中他却不告而别，决绝消失。 五年后再度狭路相逢， 他是炙手可热的商界新贵，她是形象被黑、绯闻缠身的三流女演员。 林龄往酒店走了两步，邱嘉桥突然开口：“林小姐，我今天来这里，是专程来找你的。” 林龄一怔。 邱嘉桥一字一字极缓地说：“五年前，我有一件东西落在林小姐那里，一直没有机会取回来。不知道林小姐是否还替我留着。如果有机会的话，我想把那东西拿回来。”…...
http://www.zhihu.com/topic/21132397/hot,最初不过你好（书籍）,本书收入20个文风凛冽、自带匪气、关于情与爱的故事。故事里林林总总的小人物，看似各自东奔西突追逐着梦想、爱情、人生、信仰、认同……但终了，命运花开花落各自飘零。这些染上了青春颜色与气味的文字如同燃烧的火焰，漫天恣肆飞扬，明灭刹那间带您步入青春的殿堂。...
http://www.zhihu.com/topic/20153317/hot,你好，我叫多蕾丝（电影）,年逾花甲的多蕾丝仍旧有著一颗渴望爱情的少女心，在一场自助会中她遇到了年轻的白马王子！年龄不是问题，多蕾丝决定为了她的真爱展开追爱行动！...
http://www.zhihu.com/topic/20124228/hot,你好，法奈利（书籍）,14 岁的蒂芙阿尼•法奈利，出生于普通家庭，被势利的母亲送去...
http://www.zhihu.com/topic/20895896/hot,你好中国·问答 70 年（书籍）,岁生日，新华社联合知乎共同发起「你好中国·问答 70 年」活动。从不同领域、不同维度...
http://www.zhihu.com/topic/20095889/hot,遇见你之前（电影）,《遇见你之前》（Me Before You）是根据乔乔·莫伊...
http://www.zhihu.com/topic/20132707/hot,只想和你好好的（书籍）,那年夏天，知了声声，在学生会的面试上，纪思璇狡黠地看着乔裕，笑语盈盈地当众宣布：“你以后就是我的人了。”从此，两情缱绻，她的笑，胜却了满树繁花。 六年后，再度重逢，两个人玩棋盘游戏，乔裕忽然开口，“我们停战吧！”“哦，怎么停？”“依照历史惯例来吧？”“什么惯例？”“和亲。”说完，她便看到一枚戒指慢慢滑入左手无名指。他缓缓开口，“何以道殷勤？约指一双银。” 能让我微笑的事，是清晨柔和的日光，午后轻徐…...
http://www.zhihu.com/topic/21085198/hot,皇帝先生你好嗎？（书籍）,有人認為做皇帝最好， 也有人認為做皇帝最辛苦。 其實皇帝乃至皇子王公有時挺好，有時卻不怎樣好過。 像我們的生活一樣， 有快樂也有煩惱的一天。...
http://www.zhihu.com/topic/21042625/hot,你好，我是费曼（书籍）,《你好，我是费曼》是诺贝尔物理学奖得主理查德·费曼的自传式随笔。 费曼在参与“曼哈顿计划”时，成为开保险柜高手。 费曼在默数一二三时，发现了每个人大脑工作的方式截然不同。 费曼在得知自己获得诺贝尔奖时，抱怨没有人赞赏他的桑巴鼓技艺。 费曼在调查挑战者号失事时，靠一杯冰水、一个橡皮圈，打破了威权，还原了“挑战者号”失败的真相。 对费曼来说，这一生就像个孩子一样，好奇地寻找着前方的未知。他希望的，是想留…...
http://www.zhihu.com/topic/20699375/hot,你好！三公主（书籍）,“宇宙神奇女汉子” “武林二男侠客” 笑出八块腹肌 夯热血少年漫画 著名漫画家阿桂爆笑少年漫画作品 我们所在的地球是一颗在银河系中不停旋转的蓝色小行星，与浩瀚宇宙相比，小得好像太平洋里的一粒灰尘。武林元年，神秘的地外种族造访地球，留下了一段地球超二少年与宇宙超神女汉子据上古龙仙史料记载：龙仙族拥有地球远古传说中“龙”的原体，蕴藏着仿佛永不枯竭的能量，掌握无比先进的飞行技术，拥有人类外貌及姓名，通晓包…...
http://www.zhihu.com/topic/20720756/hot,你好！特雷西·桃子镇（书籍）,"《桃子镇》以小厨师尼莫和傲娇“镇猫”桃子的日常生活为主线，叙述着镇上一个个动人的故事。 
 曾独闯天涯的埃达小姐是餐厅的“常客一号”，大提琴师林先生只点什锦饭，X小姐从来都外带从不堂食，手作达人瑞比小姐曾经超讨厌胡萝卜……出现的每个角色都有属于他们的一道菜，而他们的背后的故事也如这些菜一般值得细细品味。或是做人小哲理、或是爱情小感悟，平静的生活小事里渗透着的点滴情感，在不经意间已走进读者心中。集世间…..."
http://www.zhihu.com/topic/20870360/hot,你好，我是爱因斯坦（书籍）,1954年3月的一个寻常日子，一个名叫咪咪的女孩误打误撞把电...
http://www.zhihu.com/topic/20107465/hot,我想和你好好的（电影）,《我想和你好好的》是由李蔚然执导，作业本担当编剧，冯绍峰、倪妮主演的爱情片...
http://www.zhihu.com/topic/20829314/hot,你好，请问几点打烊（书籍）,书里写了四位主人公，他们的故事各有不同，却又有所关联。有拼尽...
http://www.zhihu.com/topic/21043037/hot,你好，我是110（书籍）,"外甥打舅舅，起因是姥爷；包工头学校大骂女教师；猖狂“小三”街头耍泼妇；痴情男夜闯美容院；六旬老翁公交车上扮色狼……还有洗浴中心的尴尬女人、公园里的出走儿童、“天上掉下来的”大富婆、被锁在消防栓上的小轿车…… 
 现代都市，功利横行，人心浮躁，处处陷阱。一言不合就大打出手；各种伤害防不胜防；无处不在的骗局令你草木皆兵…… 
 有着8年警龄的110巡警杨天舵，白天穿行于都市里的大街小巷，深夜在日记里写尽人间冷…..."
http://www.zhihu.com/topic/21005349/hot,你好!特雷西:好天气（书籍）,你希望未来的自己，会成为怎样的人？你所期盼的爱人，会是怎样的模样？你所期待的每一个明天，都会是好天气吗？我们的期许，未必会被上天听到，却被特雷西胡用画笔用语言细细描绘，一箭穿心。10个独立的故事，10份不一样的心情。作者从平时对生活的观察中总结感悟，道出人们心中无法言喻的心情。关于“自我”：世界所定义的林林总总，我们不必一一遵循。每个人的花园，都自有花开，芬芳甜美。关于“爱人”：遇上对的人，和彼此一…...
http://www.zhihu.com/topic/21006400/hot,你好，睡了吗（书籍）,"《你好，睡了吗》是新浪微博超人气作者@粽粽粽粽粽粽粽 的暖心图文作品集，200页可以随意翻开阅读的晚安集，帮你重新发现藏在每个角落的心事和欢乐。一个个脑洞，一点点温暖，一些些浪漫，一丢丢惆怅，心事装得下整个宇宙的夜晚，伴你入眠。 
 
一条游入你脑海的小鲸鱼，ta有时是聆听你心意的听诊器，有时是温柔的獠牙，有时是一颗找不到方向小行星，有时是一个吻…… 
 
这是一本适合睡前阅读的小书。 
愿你在这个百无聊赖的夜…..."
http://www.zhihu.com/topic/20961309/hot,亲爱的我，你好吗（书籍）,从灵魂的故乡出发，向前走，穿越黑暗与光亮、欢笑与泪水，历经毛虫破茧般的细碎疼痛，抵达生命中的一个个站台。从出生到死亡，用一生行走，不曾停歇。 《亲爱的我，你好吗》撷取有关成长感悟的美文杰作，涵盖少年残像、青涩时光、校园生活、成长感伤等内容，散发着既甜美又忧伤的青春味道。...
http://www.zhihu.com/topic/21009747/hot,你好，我的子宫（书籍）,你的子宫还好吗？《你好，我的子宫》是为所有女性而写，同时也是为那些爱老婆的男人而写。这不仅是一本实用的女性健康书，也是一本随笔和启示录。笔者专业而生动的文字，再加上有趣的插画，让本书读起来比其他健康类书籍更有意思。《你好，我的子宫》以子宫为中心，讲述了女性从头到脚必须知道的健康问题，从月经、性生活、怀孕、分娩到闭经，与子宫类疾病相关的头疼、忧郁症、肥胖、脱发、甲状腺问题也囊括其中，甚至还涉及男性…...
http://www.zhihu.com/topic/20135721/hot,你好，先生（知乎电子书·盐）,唐僧同志，资深 HR。唐僧同志是知乎第 61485 个用户，...
http://www.zhihu.com/topic/20153459/hot,你好我的爱（电影）,"浩婷（赵安 饰）和男友元在（闵锡 饰）相恋多年，两人感情一直十分要好，如今，元在在法国学习深造，浩婷只等他一回国，两人便准备完婚。然而，当元在重新回到浩婷的身边时，浩婷却发现他有了一丝怪异和陌生。
原来，在法国学习期间，元在结识了名为东华（梁银容 饰）的男子，两人相处久了，竟然产生了跨越了性别的恋情。得知此事的浩婷心痛欲绝，她怎么也无法接受，自己竟然被一个男人打败了。然而，浩婷锲而不舍的性格并没有让…..."
http://www.zhihu.com/topic/20860424/hot,你好，这是地球吗？（书籍）,《你好，这是地球吗？》是一本从太空拍摄地球的科普摄影集。 书名源自作者英国功勋宇航员蒂姆•皮克在太空中误拨的一通电话...
http://www.zhihu.com/topic/20069326/hot,我们的挑战（综艺节目）,《我们的挑战》是江苏卫视推出的一档大型户外明星挑战类真人秀节...
http://www.zhihu.com/topic/20103491/hot,开心家族（电影）,《开心家族》是由金英卓编导，车太贤、高昌锡、张英南、李文秀、...
http://www.zhihu.com/topic/20104009/hot,你好生活家第2季,《你好生活家第2季》是浙江卫视推出的实景生活馆“生活方式分享秀”...
http://www.zhihu.com/topic/21080346/hot,你好，旧时光：漫画版1（书籍）,《你好，旧时光》，给每个人的成长之书。八月长安原著，携手享誉国际的漫画家golo，打造梦一般绚烂的时光之旅。每个人的童年都是美好的，这本书能够让你重回美好时光，温习那些童年瑰丽的幻想。一代又一代人，生命就像往复的陀螺，兜兜转转。愿每一个人，都能珍惜过去的伙伴和曾经的旧时光。一部画给每个人的青春纪念册。余周周是一个出生在八十年代末的普通小姑娘，和妈妈相依为命，在漫长孤寂的童年中，好的朋友叫奔奔。进入小…...
http://www.zhihu.com/topic/20874357/hot,你好，有故事的陌生人（书籍）,在淘宝上有一家特殊的店铺——“CY故事”，它主打的宝贝为一个...
http://www.zhihu.com/topic/21074093/hot,我就要你好好的（书籍）,《我就要你好好的》是2012全英最高人气小说——活得好，是对生活最大的报复！你可以把生活变成故事，但你想不到故事的结局！ 露·克拉克知道很多事情。她知道从公共汽车站走回家有多少步。她知道她喜欢在“黄油面包”茶馆工作，喜欢这有点迷糊又有点窘迫的生活。她其实清楚地知道自己或许不喜欢男朋友帕特里克。 露不知道的是她马上要失去她的工作，即将发生的事情会让她猝不及防。 威尔·特雷纳知道摩托车事故带走了本可以波澜…...
http://www.zhihu.com/topic/21011566/hot,你好，旧时光：漫画版2（书籍）,"《你好，旧时光》，给每个人的成长之书。
 八月长安原著，携手享誉国际的漫画家golo，打造梦一般绚烂的时光之旅。
 在小学生年代“我再也不跟你玩了“，这句话的杀伤力，不亚于“我跟你绝交了”。
 小学生口中的“×××喜欢×××”，又怎么可能会是真正的喜欢呢？
 但可以肯定的是，无论什么时候，林杨都永远会守护在余周周身边。
 余周周的小学生活并不那么如意，自己的身世被人知晓，zui亲密的伙伴不再和自己一起回家……但…..."
http://www.zhihu.com/topic/21079050/hot,你好！特雷西·对的人（书籍）,你找到那位“对的人”了吗？ 奔走在繁复的生活中，一点小事儿便会让疲惫的心浮躁不安。迷茫彷徨中，总是很希望身边有个人可以依赖。这个“人”，是亲人，是良朋，亦或是伴侣。《对的人》为你洗去心上的灰霾，看清方向，找到那位“对的人”。 《你好！特雷西·对的人》共收录11个完全独立的绘本故事。故事主要为作者本人对生活的观察与感悟，内容恰如其名，都是一些小事见真理，在小生活中找到命定之人的经历。 相关视频请点击：...
http://www.zhihu.com/topic/21132099/hot,只想和你好好在一起（书籍）,被男友与闺蜜联合背叛，秦雨飞伤心至极，不肯轻易再谈爱，不想却偏偏又对温柔多情的顾英杰动了心。 顾英杰眉目清朗，笑着告白：“我对每段感情都是认真的。” 认真才怪！秦雨飞只觉得自己对他越来越认真。真是糟糕！ 不正确的感情就要快刀斩乱麻，她与他约定，删掉彼此的联络方式，不再联系，不再见面。 顾英杰却说：“这次我依你。若下次我们再见，如果你还爱我，还用这样的眼神看我，那我们就必须在一起！” 自此，秦雨飞开始…...
http://www.zhihu.com/topic/21132165/hot,你好，我的傲慢绅士（书籍）,她在异乡流浪，想方设法让自己好好活着，像一只小型猫科动物，善于伪装，表面可爱，尖牙锋利。 他是有点不太正常癖好的英国大贵族，想要养一只听话乖巧的小猫咪，却不小心把一头会装乖的狡猾小狐狸给带回了家。 表面衣冠楚楚，背地里掌控欲爆棚、高高在上的变态贵族遇上表面乖巧听话，背地里比他阴险理智的宠物，无声的硝烟开始弥漫。 从此，家里每天都在上演主人与宠物之间斗智斗勇，诱惑与反诱惑的拉力战。...
http://www.zhihu.com/topic/20868950/hot,你好，我亲爱的陌生人（书籍）,我们会献上最自然的微笑和拥抱，说一句：你好，我亲爱的陌生人。...
http://www.zhihu.com/topic/21158236/hot,你好吗？我很想你（书籍）,《你好吗？我很想你：许多许多年前的老情书》收集了民国时期刊登在报刊杂志上的119封情书，多是一来一往、互相应答的信件。这些情信的书写者，多以普通的城市青年男女为主，其中既有正值青涩年华的在校学生，也有正处于婚恋年龄，自主谋生的公司职员、学校教师等。这些普通男女间互诉衷肠的信函，这些个体生命的低语微叹、爱恨离愁，构成了一个时代无法忽视的情感记忆。 《你好吗？我很想你：许多许多年前的老情书》同时也收集了…...
http://www.zhihu.com/topic/21093601/hot,你好！我是韩国人！（书籍）,《你好!我是韩国人》作者想告诉你们“韩国人心中的中国和中国人”，语法肯定会常常错。如果没有错就奇怪了，那就是外国人...作者说：我叫张远永，我是25岁的韩国留学生才是大学三年级。快点努力学习，要找中国女朋友，中国好，这里就是对我来说合适的国家……...
http://www.zhihu.com/topic/21201020/hot,你好，劝退师小姐（手机游戏）,《你好，劝退师小姐》（原名：颤抖吧，小三）是一款角色扮演类型的橙光现代游戏。...
http://www.zhihu.com/topic/21003210/hot,你好，有故事的人（书籍）,一个“卖故事的小女孩” 淘宝有一家特殊的小店——“CY故事”，主打宝贝为一个个真实的原创故事，故事完整地写在宝贝详情中，读完觉得喜欢自愿拍下，这种独特的经营方式引来众多追随者，到目前为止小店已经有了400个故事，百万点击量，有五万多人为故事买单，国内近百家多家媒体相继报道。 现实版“一千零一夜” 这是一本真实记录小人物喜怒哀乐的故事集——水客妈妈用两万斤奶粉换一个包、年过七旬的奶奶花一辈子寻找自己的父亲…...
http://www.zhihu.com/topic/20136963/hot,你好，门捷列夫（知乎电子书·一小时）,如今我们打开元素周期表可以清晰地看到，从序号为 1 的氢元素...
http://www.zhihu.com/topic/20213333/hot,回首又见他（日剧）,从美国堪萨斯州载誉归来的医生石川玄（石黒賢 饰）受聘进入天真楼医院，但映入眼帘的并非医生救死扶伤的场面，而是当班医生缺席失职、病患无人照顾的混乱场景。尤其不能让他忍受的是，天真楼的当家外科医生司马江太郎（織田裕二 饰）丝毫没有医者全力医治患者的责任心。司马决不在下班后继续参与抢救工作，却可为了客观的报酬抢救议员的儿子；他和医疗器械商人关系暧昧，互通利益。最令石川气恼的，司马简直“视患者的生命如草芥…...
http://www.zhihu.com/topic/20733977/hot,你好!数学.第二辑 最亲切的数学概念启蒙图画书（书籍）,用眼睛认识熟悉球形模样、圆柱模样、箱子模样的立体图形，了解各立体图形的特性。通过西瓜星、罐桶星、箱子星上生活的三个王子陷入巫婆的圈套，相互吵架又和解的有趣故事，让孩子愉快地了解立体图形的名称和特性。 《你好！数学·最亲切的数学概念启蒙图画书：忧虑虫，麦尔龙（第2阶段）》 学习运用直接对比方法来比较事物的长度和高度。 通过忧虑虫麦尔龙直接比较身高、高度、距离的有趣故事，让孩子们学习了直接比较长度的方法…...
http://www.zhihu.com/topic/20209569/hot,我和X先生 第二季（电视剧）,我和X先生由blued交友软件联合有个微电影工作室联合出品。第一季一经推出便取得广泛关注好评~历经半年的等待，第二季《只为遇见你》火热来袭！作为国内首部同志连续剧，将会带给大家怎样的惊喜呢——我叫徐正熙，2008年，我爱上了自己的好兄弟，却没想到之后他竟然.......
http://www.zhihu.com/topic/20673380/hot,你好生活家 第二季（综艺）,众所期待的国内首档实景人生分享秀《你好!生活家》第二季即将重磅回归，于9月23日起每周日晚22:00在浙江卫视播出...
http://www.zhihu.com/topic/20147944/hot,哥哥我爱你（电影）,九岁的张韩一是个调皮的孩子。他总是在学校里捣乱，经常逃课。而十二岁的张韩星则是一个懂事的哥哥，他经常帮助弟弟。兄弟俩一个好动，一个喜静，性格迥然不同。但他们的关系非常好。 韩星经常头痛，直到有一天病倒了。去医院检查才发现，韩星得了脑癌。妈妈和爸爸知道这个消息之后非常震惊。医生还说，动手术会破坏视觉神经，韩星会因此而失明。父 母都为没有早发现儿子的病感到内疚，也为儿子的将来担忧。他们把所有的精力都放…...
http://www.zhihu.com/topic/20157843/hot,我爱红娘（电影）,十九世纪末的美国纽约，精明、干练、泼辣的媒婆Dolly一心一意想为富翁Vandergelder作媒，结果却促成了自己与富翁的婚姻，同时，也撮合了富翁的两个伙计与女帽商及助手、富翁侄女与艺术家的婚事。...
http://www.zhihu.com/topic/21085308/hot,你好!法语-1-学生用书-A1（书籍）,《你好！法语（1）（学生用书）》为你贴心设计的教材： ★以“欧洲语言共同参考框架”的学习规范为指导，一至三册分别对应A1、 A2、B1三个级别。 ★细致周到的“本土化”：增设语音单元，并与全书语音学习相呼应；语法讲解充分考虑各类考试——大学法语四级、考研二外法语、TCF/TEF/DELF等的需求，按照中国读者的接受习惯进行总结梳理； 单词与课文、练习紧密结合，提供单词读音的网络下载，总词汇表以中英双语释义，帮助单词的…...
http://www.zhihu.com/topic/20111759/hot,狐狸与我（电影）,一个十岁的小女孩（贝蒂·若耶-布萝 饰）在上学路上碰见了一只正抓田鼠的狐狸。女孩被漂亮的狐狸迷住，下学后回到森林原地希望再见到那只狐狸。从秋天到冬天，女孩在厚雪地里沿着狐狸的脚印寻找，却失足摔断了腿，整个冬天只好在室内度过，读了很多关于狐狸的书。春天是猎狐的季节，为狐狸忧心忡忡的小女孩欣喜若狂的发现了狐狸的洞穴和它的三只小狐狸，却没想到狐狸嗅出人的气味，连夜转移了幼崽。女孩决定不去打扰狐狸，而是坐…...
http://www.zhihu.com/topic/20989168/hot,你好，我是阿斯伯格女孩（书籍）,《你好，我是阿斯伯格女孩》是阿斯女的必备手册。阿斯伯格综合征是孤独症谱系中程度较轻的一种。作者本身即是一个阿斯女，对阿斯女在个人生活、职业、友谊、婚姻、养育孩子等方面遇到的种种问题，给出了实用性的建议；从早期到成年，从身体到情感等各方面都有涉及。如果你是个阿斯女，或者你怀疑自己是却还没有得到诊断，《你好，我是阿斯伯格女孩》将帮助你加了解自己；对专业医疗和心理辅导执业人员，以及阿斯女父母和所爱的人…...
http://www.zhihu.com/topic/21168698/hot,你好，我是阿斯伯格员工（书籍）,阿斯伯格综合征人群，是一个比孤独症人士更普遍但更没有受到关注的人群。他们往往显得不合于俗而孤独。但他们有着趣味盎然、与众不同的内心世界，更有属于自己的才赋和能力。然而阿斯伯格的障碍会让他们在职场遭遇各种阻碍，甚至找工作都困难重重。 本书探讨这个人群在职场遇到的问题并给出各种实用建议。一方面以阿斯伯格人群的视角切人，帮助他们理解职场，学会如何扬长避短，解决社交困境；另一方面，也帮助老板和阿斯伯格的…...
http://www.zhihu.com/topic/21043130/hot,你好，孩子：爱与被爱的故事（书籍）,纪实摄影是摄影师长期关注，并对题材进行了深入采访而拍摄的有着社会学意义和历史文化意义的图片。相对于报道报影而言，纪实摄影不太讲求时效性和新闻性，它的影响是长时期的。纪实摄影的目的不只是向人讲述一个故事，它同时还能揭出这个故事的丰富背景，更注重表现被摄体的内在精神。...
http://www.zhihu.com/topic/20862739/hot,对的人，终将把你好好爱着（书籍）,我们曾相爱，那么美好的时光，以为可以携手一生，终敌不过岁月的...
http://www.zhihu.com/topic/20257023/hot,北京青春你好文化传媒有限公司,北京青春你好文化传媒有限公司以精锐人才为先导，以剧本创意及原创研发为核心竞争力，以丰厚的影视制作项目管理经验为保障，是一家覆盖制作、宣传、发行、艺人经纪等影视制作全产业链的文化传媒公司。青春你好坚守精品追求，汇聚精英团队，融合市场导向，追求国际品格，旨在打造兼具市场效益和社会口碑的影视精品杰作。公司下设创意研发部、制作部、项目运营部、宣传部、艺人经纪等部门，可胜任不同题材、不同类型、不同播映平台…...
http://www.zhihu.com/topic/21164059/hot,我想和你好好的（书籍）,"那年，她十八岁，被亲情、爱情、友情同时背叛，甚至不得不离开生她养她的城市。一个人，一只猫，一个背包，独自踏上背井离乡的路，在流浪中舔舐着结疤的伤口。
 九年后，那只陪伴多年的狸猫老死了，她重新踏上故土，替母亲回来做一个告别，却意外发现了九年前她被迫离开的真相，陡然掀起的商战让她的爱人一夕之间家破人亡不得不与夏家政商联姻来挽救家业，抽丝剥茧露出的真相让她发现了自己被隐藏了二十多年的真实身世。
 面对闺…..."
http://www.zhihu.com/topic/20862946/hot,你好，神：一个精神分裂症患者的自我救赎笔记（书籍）,这本书首先是一本更新换代型的《老子》读本。作者结合*的考古材...
http://www.zhihu.com/topic/20868941/hot,你好！三公主：龙仙传.第4卷（书籍）,前情回顾： 平凡男孩桂小云不过是吃了颗特大号鱼丸，谁知怪事连...
http://www.zhihu.com/topic/20881816/hot,你好！三公主：龙仙传.第 4 卷（白金卷）（书籍）,我们所在的地球是一颗在银河系中不停旋转的蓝色小行星，与浩瀚宇...
http://www.zhihu.com/topic/20868932/hot,你好！三公主：龙仙传.第2卷（书籍）,宇宙最神女汉子 武林最二男侠客笑出八块腹肌 最夯热血少年漫画...
http://www.zhihu.com/topic/20872362/hot,你好！三公主：龙仙传.第 6 卷（书籍）,前情回顾：平凡男孩桂小云误食上古龙珠后，开始了一系列变化。从...
http://www.zhihu.com/topic/20868945/hot,你好！三公主：龙仙传.第5卷（书籍）,前情回顾：平凡男孩桂小云不过是吃了颗特大号鱼丸，谁知怪事连连...
http://www.zhihu.com/topic/20881815/hot,你好！三公主：龙仙传.第 2 卷（白金卷）（书籍）,在第 4 卷中，为了变回男身，桂小云被迫与九尾蚺精立契比武，...
http://www.zhihu.com/topic/20828826/hot,我想和你好好的：给年轻人的亲密关系成长课（书籍）,本书在汲取发展心理学、精神分析、家庭治疗等领域最新研究成果的...
http://www.zhihu.com/topic/20867816/hot,你好！三公主：龙仙传.第1卷（白金卷）（书籍）,我们所在的地球是一颗在银河系中不停旋转的蓝色小行星，与浩瀚宇...
http://www.zhihu.com/topic/20881821/hot,你好！三公主：龙仙传.第 3 卷（白金卷）（书籍）,我们所在的地球是一颗在银河系中不停旋转的蓝色小行星，与浩瀚宇...
http://www.zhihu.com/topic/20868936/hot,你好！三公主：龙仙传.第3卷（书籍）,我们所在的地球是一颗在银河系中不停旋转的蓝色小行星，与浩瀚宇...
http://www.zhihu.com/topic/20876723/hot,你好啊！乔乔 写给爸妈的儿童摄影书（全彩）（书籍）,这是一本最完整的儿童摄影宝典和教科书！有心、有趣、有用。 图...
http://www.zhihu.com/topic/20003423/hot,八月长安,八月长安出版了第一本长篇青春小说《你好，旧时光》，此后又推出了同系列图书《暗恋·橘生淮南》、《最好的我们》...
http://www.zhihu.com/topic/20087897/hot,倪妮（演员）,随后主演爱情悬疑电影《杀戒》、爱情电影《我想和你好好的》及治愈系电影《等风来》...
http://www.zhihu.com/topic/19584118/hot,知乎吉祥物,喜好：冰钓、海钓 初登场： 你好，我叫刘看山。 - 知识青年...
http://www.zhihu.com/topic/20058342/hot,万茜（演员）,凭借电影《军中乐园》获得第51届台湾电影金马奖“最佳女配角”。2017年凭借《你好，疯子！》获得第24届北京大学生电影节最佳女演员奖...
http://www.zhihu.com/topic/19578870/hot,王自健,在喜剧电影《你好，疯子！》中饰演马睿；同年，凭借电影《你好，疯子！》获得“第8届澳门国际电影节”最佳男配角奖的提名...
http://www.zhihu.com/topic/19755064/hot,陶喆,2013年发行创作专辑《再见你好吗》。2015年制作并演唱歌曲《请到长城来滑雪》...
http://www.zhihu.com/topic/20032213/hot,王晓晨,主演情感温馨剧《大好时光》和青春励志剧《你好乔安》。2016年4月，主演都市爱情轻喜剧《我的...
http://www.zhihu.com/topic/19894974/hot,范玮琪,2009年，凭借歌曲《想知道现在你好不好》获得“第七届东南劲爆音乐榜”劲爆十大金曲奖...
http://www.zhihu.com/topic/20139870/hot,南烟斋笔录（电视剧）,剧合影视、娱跃文化、星源天华、新浪微博、天道至善、大声娱乐、青春你好、森宇等出品的民国传奇剧，由刘海波和叶昭仪执导...
http://www.zhihu.com/topic/20031835/hot,王祖蓝（演员）,参加湖南卫视明星模仿秀大赏赛《百变大咖秀》。2014年参演《老表，你好hea!》。2014年，王祖蓝加盟综艺节目《奔跑吧兄弟》并主演电影版...
http://www.zhihu.com/topic/20136045/hot,古代人的日常生活（知乎周刊）,「你好呀，古代人！」 这本书差不多就是这样，让你轻松地——不需要任何历史知识...
http://www.zhihu.com/topic/20063093/hot,王菀之,领衔主演的首部电视剧《老表，你好嘢！》播出。2014年10月...
http://www.zhihu.com/topic/19978669/hot,罗文（歌手）,凭借与甄妮合唱电视剧《射雕英雄传》的主题曲《铁血丹心》以及《世间始终你好》获得关注。1986年，凭借歌曲《几许风雨》获得第4届十大劲歌金曲奖以及第9届十大中文金曲奖...
http://www.zhihu.com/topic/20136032/hot,上班族 24 小时健康指南（知乎周刊）,眼科医生教你正确佩戴隐形眼镜，皮肤科医生指导你好好洗个澡，消化科医生告诉你吃早饭到底有多重要...
http://www.zhihu.com/topic/20058314/hot,张继聪,同年，主演TVB时装喜剧《老表，你好嘢！》。2013年，获得第35届“十大中文金曲”全年最佳进步奖铜奖...
http://www.zhihu.com/topic/20051088/hot,陈建州,2011年，主演贺岁微电影《你好吗。我很好》。2012年，担任容祖儿《雾里看花》的MV男主角...
http://www.zhihu.com/topic/20885136/hot,杨冰阳情感两性精选集（共 3 册）（书籍）,却迟迟不肯主动走入婚姻？虽然嘴上对你好，对你花钱却不那么大方？看起来毫不相关的问题...
http://www.zhihu.com/topic/20855112/hot,书旅人（书籍）,裴维尔的歌——你能讲出秘密，又不会泄露自己。你好，安娜·卡列尼娜——我不刻意要做一个旅行者...
http://www.zhihu.com/topic/20921299/hot,再见，吾爱（书籍）,他只是爱她， 但是爱人…… “你好啊，宝贝儿，好久不见。”...
http://www.zhihu.com/topic/20845809/hot,疯了！桂宝.20，有志卷（书籍）,同时还出版全新少年励志漫画《你好！三公主》系列。阿桂被全国二十多所学校聘为“荣誉校外辅导员”...
http://www.zhihu.com/topic/20845791/hot,疯了！桂宝.13，如意卷（书籍）,还有着大家熟悉又陌生的强大生物……最令桂圆们惊喜的是，阿桂哥最新少年漫画《你好！三公主》也在书中惊艳亮相！还有许多神秘惊喜...
http://www.zhihu.com/topic/20924239/hot,小创客趣玩microbit开发板编程（书籍）,以使用MakeCode编辑器完成一个完整的micro：bit项目为终，涵盖你好世界、闪烁……...
http://www.zhihu.com/topic/20888300/hot,孵化皮克斯：从艺术乌托邦到创意帝国的非凡之旅（书籍）,「你好，是劳伦斯吗？」电话那头问道，「我是史蒂夫•乔布斯。几年前...
http://www.zhihu.com/topic/20845792/hot,疯了！桂宝.14，电影卷（书籍）,还有更令桂圆们惊喜的阿桂哥最新少年漫画《你好！三公主》连载！可爱到爆炸的小小礼品...
http://www.zhihu.com/topic/21199042/hot,跟小楼老师学用Axure RP 9——玩转产品原型设计（书籍,并介绍多个独特的方法和技巧提升原型设计工作的效率与质量。全书共7章，包括：你好，Axure RP 9！、上手Axure...
http://www.zhihu.com/topic/20842140/hot,深深的爱，浅浅的说（书籍）,也别总是对他人要求太多，不要让那些真正对你好的人，慢慢的从你的生活中消失...
