url,title
http://www.zhihu.com/question/359311031,为什么ssssss？
http://www.zhihu.com/question/358927126,说一下大连滕泰科技，你们觉得怎么样？
http://www.zhihu.com/question/358145758,电脑问题 ? 这到底是怎么回事在线求解？
http://www.zhihu.com/question/356819721,你好，未来，以往？
http://www.zhihu.com/question/354695549,70年来中国发展究竟有多快？
http://www.zhihu.com/question/352966149,guuffh5536fghhn？
http://www.zhihu.com/question/350532598,婚礼习俗以岳母那为准，基本说什么就是什么，且丈母娘家什么家具也没有陪送 十万彩礼一分钱也没有拿回来?
http://www.zhihu.com/question/350472600,disconnect什么意思？
http://www.zhihu.com/question/349975741,朋友刷我得碗 碗摔碎了划伤 我有责任么？
http://www.zhihu.com/question/348617903,如何评价B站中V歌曲《地势坤》？
http://www.zhihu.com/question/348343242,庆祝祖国70华诞的软笔书法作品，可以写什么内容？
http://www.zhihu.com/question/347266990,从你的经历来看，你觉得周围环境最急需什么改变？
http://www.zhihu.com/question/346976085,如何看待中国通信 70 年的发展？
http://www.zhihu.com/question/345124567,从你的经历来看，什么时候感到做一个中国人很幸福？
http://www.zhihu.com/question/344887492,为什么中国跨纬度49度，跨经度62度，但南北距离（5500km）比东西距离（5000km）长?
http://www.zhihu.com/question/344468000,新中国体育史上，有哪些比赛的瞬间令你沸腾？
http://www.zhihu.com/question/343965012,从 1977 年恢复高考到现在，上大学发生了哪些变化？接到大学录取通知书是什么体验？
http://www.zhihu.com/question/343499950,这些年，有哪些像电子支付一样的东西改变了我们的生活？
http://www.zhihu.com/question/343320407,请问这个是真的还是假的啊？
http://www.zhihu.com/question/343126904,如何看待中国大陆人口（官方统计）超过14亿？
http://www.zhihu.com/question/342936488,70 年来，有没有一首歌，让你听了就热泪盈眶？
http://www.zhihu.com/question/342607316,马上就要建国70周年了，您身边有没有很感人的爱国故事？
http://www.zhihu.com/question/340703036,啦啦啦好吧没事了 ?
http://www.zhihu.com/question/340486237,身处各个行业的普通人，目前可以为祖国做些什么？
http://www.zhihu.com/question/335080274,新中国成立 70 周年，你有什么想对祖国说的话？
http://www.zhihu.com/question/293880259,随便修改一下题目？
http://www.zhihu.com/question/292183506,在政府单位做合同工，五个月没发工资、没签合同，我应该怎么维护自己的权益？
